images,objects,likes
https://instagram.fcta1-1.fna.fbcdn.net/v/t51.2885-15/sh0.08/e35/s640x640/21480272_123087115084651_2802602053405245440_n.jpg?_nc_ht=instagram.fcta1-1.fna.fbcdn.net&_nc_cat=107&_nc_ohc=eG4tIjzS94AAX9NoYC4&oh=4f66badbd9864f0b95b950055ae1326a&oe=5F33CA00&ig_cache_key=MTU5OTUyODUyMjkwNzU0MzU2MQ%3D%3D.2,person,20
https://instagram.fcta1-1.fna.fbcdn.net/v/t51.2885-15/sh0.08/e35/p640x640/18444704_1933394483584058_1277567464196014080_n.jpg?_nc_ht=instagram.fcta1-1.fna.fbcdn.net&_nc_cat=102&_nc_ohc=NBuoX1kjomkAX8ct1VJ&oh=422fa3ac1f00f52e9d050e461b60b15c&oe=5F36E6AB&ig_cache_key=MTUxMzg1MDAzMDYzMTQzOTUzMg%3D%3D.2,person,25
https://instagram.fcta1-1.fna.fbcdn.net/v/t51.2885-15/sh0.08/e35/s640x640/20902112_352858568484079_9183929982081040384_n.jpg?_nc_ht=instagram.fcta1-1.fna.fbcdn.net&_nc_cat=107&_nc_ohc=nE4VHU9Pkt4AX-LO_pR&oh=40aca83bf77612723474c99110524866&oe=5F35AA76&ig_cache_key=MTU4NDI2MzE2OTYwNDQyNzgxNA%3D%3D.2,person,25
https://instagram.fcta1-1.fna.fbcdn.net/v/t51.2885-15/sh0.08/e35/s640x640/18382127_459634361037305_7901784512244219904_n.jpg?_nc_ht=instagram.fcta1-1.fna.fbcdn.net&_nc_cat=105&_nc_ohc=bz-b_iIG1_EAX_iD_Ck&oh=b20490bea97fefac82f289aea55edae2&oe=5F356F14&ig_cache_key=MTUxMDMyMzExNzcwNzI3NTE1OA%3D%3D.2,bed,26
https://instagram.fcta1-1.fna.fbcdn.net/v/t51.2885-15/sh0.08/e35/s640x640/65641927_2486868371548772_1408963790592437092_n.jpg?_nc_ht=instagram.fcta1-1.fna.fbcdn.net&_nc_cat=108&_nc_ohc=pUxvS5V31GcAX_GQOMk&oh=cd878176e552e045db741b278ac53e2f&oe=5F3458BA&ig_cache_key=MjA4NDM2NzY4NTgwMzYwMjMwOQ%3D%3D.2,bed,26
https://instagram.fcta1-1.fna.fbcdn.net/v/t51.2885-15/sh0.08/e35/p640x640/19051691_329944597438388_8109504515251634176_n.jpg?_nc_ht=instagram.fcta1-1.fna.fbcdn.net&_nc_cat=108&_nc_ohc=A6op5sKCKYMAX-nYNtz&oh=5cfc3fa75b75ab40c753f4cca196ac8e&oe=5F342E04&ig_cache_key=MTUzNDA5NDk4NjE3MjM2NDU3NQ%3D%3D.2,dog,27
https://instagram.fcta1-1.fna.fbcdn.net/v/t51.2885-15/sh0.08/e35/p640x640/19051691_329944597438388_8109504515251634176_n.jpg?_nc_ht=instagram.fcta1-1.fna.fbcdn.net&_nc_cat=108&_nc_ohc=A6op5sKCKYMAX-nYNtz&oh=5cfc3fa75b75ab40c753f4cca196ac8e&oe=5F342E04&ig_cache_key=MTUzNDA5NDk4NjE3MjM2NDU3NQ%3D%3D.2,cat,27
https://instagram.fcta1-1.fna.fbcdn.net/v/t51.2885-15/sh0.08/e35/s640x640/74656346_1056327788032063_693913950046519485_n.jpg?_nc_ht=instagram.fcta1-1.fna.fbcdn.net&_nc_cat=107&_nc_ohc=DIA3DLqmvfcAX91Dp_4&oh=639de8628b48038ae6509e8a9456dc7a&oe=5F33AF74&ig_cache_key=MjE4NTEyMDU0Mzk3NzE1ODgxNQ%3D%3D.2,person,28
https://instagram.fcta1-1.fna.fbcdn.net/v/t51.2885-15/sh0.08/e35/p640x640/30945214_888111128027602_2786748409992708096_n.jpg?_nc_ht=instagram.fcta1-1.fna.fbcdn.net&_nc_cat=110&_nc_ohc=OJsvXsVTzeMAX_v5H7s&oh=5179a63174381e19f483a53f433c775a&oe=5F36A9E9&ig_cache_key=MTc2NTgzMDczOTYwNDUwMDUzNA%3D%3D.2,handbag,29
https://instagram.fcta1-1.fna.fbcdn.net/v/t51.2885-15/sh0.08/e35/p640x640/30945214_888111128027602_2786748409992708096_n.jpg?_nc_ht=instagram.fcta1-1.fna.fbcdn.net&_nc_cat=110&_nc_ohc=OJsvXsVTzeMAX_v5H7s&oh=5179a63174381e19f483a53f433c775a&oe=5F36A9E9&ig_cache_key=MTc2NTgzMDczOTYwNDUwMDUzNA%3D%3D.2,person,29
https://instagram.fcta1-1.fna.fbcdn.net/v/t51.2885-15/sh0.08/e35/s640x640/71520050_395689084672225_3131648377602159177_n.jpg?_nc_ht=instagram.fcta1-1.fna.fbcdn.net&_nc_cat=101&_nc_ohc=IPrnmkMW-WIAX9_-9Ok&oh=1e3af80fabce6267fcab5cc205a8dfa1&oe=5F35A83B&ig_cache_key=MjE2NTQxNzU0MzEyOTQ2MjkxMw%3D%3D.2,person,33
https://instagram.fcta1-1.fna.fbcdn.net/v/t51.2885-15/sh0.08/e35/s640x640/89728050_663819387763493_8383815915378698288_n.jpg?_nc_ht=instagram.fcta1-1.fna.fbcdn.net&_nc_cat=105&_nc_ohc=YMysVJRY1KkAX-W62zv&oh=c55ac7a1ecd0cceb81890e780d05829a&oe=5F3503AE&ig_cache_key=MjI2NTU3NzQxNTI4NDE3NjYxNg%3D%3D.2,person,34
https://instagram.fcta1-1.fna.fbcdn.net/v/t51.2885-15/e35/83066513_177028997023755_8678726168992535666_n.jpg?_nc_ht=instagram.fcta1-1.fna.fbcdn.net&_nc_cat=103&_nc_ohc=p9hJIiZwdIEAX8yb3ht&oh=4a206b3c27fcc63b226817c0a9bfddd8&oe=5F377B6F&ig_cache_key=MjIxNTQ0OTA3NDE5OTk1NTg2Ng%3D%3D.2,person,34
https://instagram.fcta1-1.fna.fbcdn.net/v/t51.2885-15/sh0.08/e35/p640x640/27893995_419573411809560_2227284999353139200_n.jpg?_nc_ht=instagram.fcta1-1.fna.fbcdn.net&_nc_cat=100&_nc_ohc=7ytyNtwhNNEAX8t3Z--&oh=2eea70bbe0e1be278e5d94243a4490e0&oe=5F36AD90&ig_cache_key=MTcyMTExMzAxMjc3MDczMDIyNg%3D%3D.2,umbrella,34
https://instagram.fcta1-1.fna.fbcdn.net/v/t51.2885-15/sh0.08/e35/p640x640/27893995_419573411809560_2227284999353139200_n.jpg?_nc_ht=instagram.fcta1-1.fna.fbcdn.net&_nc_cat=100&_nc_ohc=7ytyNtwhNNEAX8t3Z--&oh=2eea70bbe0e1be278e5d94243a4490e0&oe=5F36AD90&ig_cache_key=MTcyMTExMzAxMjc3MDczMDIyNg%3D%3D.2,person,34
https://instagram.fcta1-1.fna.fbcdn.net/v/t51.2885-15/sh0.08/e35/s640x640/72781806_3890466734312705_743238358118849772_n.jpg?_nc_ht=instagram.fcta1-1.fna.fbcdn.net&_nc_cat=105&_nc_ohc=8VBmrGo_hssAX86oeIW&oh=bb3bb059c189fb426d235b4c9d708997&oe=5F3427BB&ig_cache_key=MjE5MDEzMjUyNjk3MTM2NjM0Nw%3D%3D.2,person,35
https://instagram.fcta1-1.fna.fbcdn.net/v/t51.2885-15/sh0.08/e35/s640x640/71597228_579221872851712_6530142092801522862_n.jpg?_nc_ht=instagram.fcta1-1.fna.fbcdn.net&_nc_cat=104&_nc_ohc=W_MnpfIZkVEAX_cAzja&oh=7955ebd5fc6f5fd2159f3863a4d5be67&oe=5F3557A5&ig_cache_key=MjE4MDA0OTQ1MjU4NTczODU3MQ%3D%3D.2,person,37
https://instagram.fcta1-1.fna.fbcdn.net/v/t51.2885-15/sh0.08/e35/s640x640/21149165_2009813155929639_2957149502294720512_n.jpg?_nc_ht=instagram.fcta1-1.fna.fbcdn.net&_nc_cat=103&_nc_ohc=sN55JoXF8uYAX_9_DCl&oh=5adcedb3a0e59f662d2f7c0307f73857&oe=5F3747C3&ig_cache_key=MTU5MDc1NTE5NzI3MjE4MzM1Ng%3D%3D.2,person,37
https://instagram.fcta1-1.fna.fbcdn.net/v/t51.2885-15/sh0.08/e35/p640x640/83627188_101785678047411_6331490869048874918_n.jpg?_nc_ht=instagram.fcta1-1.fna.fbcdn.net&_nc_cat=103&_nc_ohc=SsFDuLSDAEUAX8ejf-J&oh=7a32018dc25427b7ff9768d3e2d7e9f5&oe=5F33EA5B&ig_cache_key=MjI0NTk3MTgyMjA2NDExMDY2MQ%3D%3D.2,person,38
https://instagram.fcta1-1.fna.fbcdn.net/v/t51.2885-15/sh0.08/e35/p640x640/66391287_147001636482077_1496180228409059082_n.jpg?_nc_ht=instagram.fcta1-1.fna.fbcdn.net&_nc_cat=105&_nc_ohc=pym-dkqK-3IAX_LRyEI&oh=825092cbe8ecc4c8683b567f0839e89d&oe=5F35F2FF&ig_cache_key=MjA5MDcwMDc4Nzc5NDgxMzQ1MA%3D%3D.2,dog,40
https://instagram.fcta1-1.fna.fbcdn.net/v/t51.2885-15/sh0.08/e35/p640x640/66480926_487470291814912_5936178057897808436_n.jpg?_nc_ht=instagram.fcta1-1.fna.fbcdn.net&_nc_cat=104&_nc_ohc=hgOh40ZTJG4AX8e2JW2&oh=63502bebd4f3f12dc65e23c088d9cf34&oe=5F35E381&ig_cache_key=MjEwODA3NDQwMDQ2MjAzNDYwNg%3D%3D.2,person,41
https://instagram.fcta1-1.fna.fbcdn.net/v/t51.2885-15/sh0.08/e35/p640x640/81039280_3922220257796118_5238726327383109340_n.jpg?_nc_ht=instagram.fcta1-1.fna.fbcdn.net&_nc_cat=106&_nc_ohc=sY4KO6Mp4o0AX-OMtKt&oh=80e1a6e60eb1e9ecabda58125cc62d7a&oe=5F345B7C&ig_cache_key=MjIxOTg4ODc1MzUwNjMyMDAwMA%3D%3D.2,person,42
https://instagram.fcta1-1.fna.fbcdn.net/v/t51.2885-15/sh0.08/e35/p640x640/81039280_3922220257796118_5238726327383109340_n.jpg?_nc_ht=instagram.fcta1-1.fna.fbcdn.net&_nc_cat=106&_nc_ohc=sY4KO6Mp4o0AX-OMtKt&oh=80e1a6e60eb1e9ecabda58125cc62d7a&oe=5F345B7C&ig_cache_key=MjIxOTg4ODc1MzUwNjMyMDAwMA%3D%3D.2,cell phone,42
https://instagram.fcta1-1.fna.fbcdn.net/v/t51.2885-15/sh0.08/e35/s640x640/98425516_914995372314461_1100677554701814337_n.jpg?_nc_ht=instagram.fcta1-1.fna.fbcdn.net&_nc_cat=105&_nc_ohc=94_iCB4S7GcAX91zZv9&oh=bf01b0b2ffb4ba2ea540b00c09db95c9&oe=5F35C1A6&ig_cache_key=MjMxMzE3Njc2NTk1NjE3NzkyMA%3D%3D.2,person,42
https://instagram.fcta1-1.fna.fbcdn.net/v/t51.2885-15/sh0.08/e35/p640x640/71146722_251669329070130_5102784505887189561_n.jpg?_nc_ht=instagram.fcta1-1.fna.fbcdn.net&_nc_cat=106&_nc_ohc=JBnbyP44-0AAX98hIuz&oh=c650221fd996f09c7328973b16ac5757&oe=5F3681AB&ig_cache_key=MjE0ODY1MzQzODgwNjgxODEwNg%3D%3D.2,person,44
https://instagram.fcta1-1.fna.fbcdn.net/v/t51.2885-15/sh0.08/e35/p640x640/71146722_251669329070130_5102784505887189561_n.jpg?_nc_ht=instagram.fcta1-1.fna.fbcdn.net&_nc_cat=106&_nc_ohc=JBnbyP44-0AAX98hIuz&oh=c650221fd996f09c7328973b16ac5757&oe=5F3681AB&ig_cache_key=MjE0ODY1MzQzODgwNjgxODEwNg%3D%3D.2,umbrella,44
https://instagram.fcta1-1.fna.fbcdn.net/v/t51.2885-15/e35/75553970_1894724367325130_5621882103699147220_n.jpg?_nc_ht=instagram.fcta1-1.fna.fbcdn.net&_nc_cat=102&_nc_ohc=BGiNYs6KPfIAX-e1M5g&oh=2b895f1bbc8353afb1c03554e79652fc&oe=5F3646D7&ig_cache_key=MjE5NTI2Mzc3MTM1OTMzNzMxNg%3D%3D.2,person,45
https://instagram.fcta1-1.fna.fbcdn.net/v/t51.2885-15/e35/75553970_1894724367325130_5621882103699147220_n.jpg?_nc_ht=instagram.fcta1-1.fna.fbcdn.net&_nc_cat=102&_nc_ohc=BGiNYs6KPfIAX-e1M5g&oh=2b895f1bbc8353afb1c03554e79652fc&oe=5F3646D7&ig_cache_key=MjE5NTI2Mzc3MTM1OTMzNzMxNg%3D%3D.2,car,45
https://instagram.fcta1-1.fna.fbcdn.net/v/t51.2885-15/sh0.08/e35/s640x640/71532816_1022096711471659_2740713240200709826_n.jpg?_nc_ht=instagram.fcta1-1.fna.fbcdn.net&_nc_cat=107&_nc_ohc=rnnPQ6lqN1wAX_KIZj_&oh=c9132d153c87e28b210a374a9cb25c55&oe=5F33E4E3&ig_cache_key=MjE2MjQ4MTMxMDg5MjAxNTQ3MQ%3D%3D.2,person,47
https://instagram.fcta1-1.fna.fbcdn.net/v/t51.2885-15/sh0.08/e35/s640x640/75312601_760101964430517_4145774175070167141_n.jpg?_nc_ht=instagram.fcta1-1.fna.fbcdn.net&_nc_cat=109&_nc_ohc=i2euzByGnpAAX_kXE4Q&oh=0d9a6d93420d820fbf2036e5e08e7946&oe=5F3738C8&ig_cache_key=MjE3MjA1MDEyMTA0Mzc1NTU2OA%3D%3D.2,backpack,53
https://instagram.fcta1-1.fna.fbcdn.net/v/t51.2885-15/sh0.08/e35/s640x640/75312601_760101964430517_4145774175070167141_n.jpg?_nc_ht=instagram.fcta1-1.fna.fbcdn.net&_nc_cat=109&_nc_ohc=i2euzByGnpAAX_kXE4Q&oh=0d9a6d93420d820fbf2036e5e08e7946&oe=5F3738C8&ig_cache_key=MjE3MjA1MDEyMTA0Mzc1NTU2OA%3D%3D.2,person,53
https://instagram.fcta1-1.fna.fbcdn.net/v/t51.2885-15/sh0.08/e35/s640x640/91342589_2592287127538235_2056241294060551519_n.jpg?_nc_ht=instagram.fcta1-1.fna.fbcdn.net&_nc_cat=111&_nc_ohc=S4SzP3HFCu8AX-YFwBp&oh=2ad82f786b5b54eff6f42fb72f46a6e1&oe=5F35AF4D&ig_cache_key=MjI3NzA4NTIwMjMyNzE4NDU5OQ%3D%3D.2,person,59
https://instagram.fcta1-1.fna.fbcdn.net/v/t51.2885-15/sh0.08/e35/s640x640/91342589_2592287127538235_2056241294060551519_n.jpg?_nc_ht=instagram.fcta1-1.fna.fbcdn.net&_nc_cat=111&_nc_ohc=S4SzP3HFCu8AX-YFwBp&oh=2ad82f786b5b54eff6f42fb72f46a6e1&oe=5F35AF4D&ig_cache_key=MjI3NzA4NTIwMjMyNzE4NDU5OQ%3D%3D.2,oven,59
https://instagram.fcta1-1.fna.fbcdn.net/v/t51.2885-15/sh0.08/e35/s640x640/91342589_2592287127538235_2056241294060551519_n.jpg?_nc_ht=instagram.fcta1-1.fna.fbcdn.net&_nc_cat=111&_nc_ohc=S4SzP3HFCu8AX-YFwBp&oh=2ad82f786b5b54eff6f42fb72f46a6e1&oe=5F35AF4D&ig_cache_key=MjI3NzA4NTIwMjMyNzE4NDU5OQ%3D%3D.2,microwave,59
https://instagram.fcta1-1.fna.fbcdn.net/v/t51.2885-15/sh0.08/e35/s640x640/88290608_2605869693072325_1570646545683542660_n.jpg?_nc_ht=instagram.fcta1-1.fna.fbcdn.net&_nc_cat=101&_nc_ohc=1VLypo6RlZAAX8bZGPp&oh=13bd8a15767aaee9ebb0c3e41df8c451&oe=5F355BEB&ig_cache_key=MjI1ODE4OTYzNjM3NjEyOTg1OA%3D%3D.2,person,60
https://instagram.fcta1-1.fna.fbcdn.net/v/t51.2885-15/sh0.08/e35/p640x640/81876365_592118304958169_5167388379658750822_n.jpg?_nc_ht=instagram.fcta1-1.fna.fbcdn.net&_nc_cat=105&_nc_ohc=uC2nNokbb2cAX9lr5nl&oh=a7e1bb354a5105764215420068a9f916&oe=5F363BF3&ig_cache_key=MjIyMjY2MjI1MTc5ODc3NDM2Mw%3D%3D.2,person,62
https://instagram.fcta1-1.fna.fbcdn.net/v/t51.2885-15/sh0.08/e35/p640x640/72792612_2627857290819583_1987894772757959910_n.jpg?_nc_ht=instagram.fcta1-1.fna.fbcdn.net&_nc_cat=107&_nc_ohc=7MoM1Kx_D-YAX_CzxuY&oh=58e633e27d4b938c9122273f89d22f56&oe=5F359CAD&ig_cache_key=MjM0NTIzODQ4Mjg5NDUwMDYzNw%3D%3D.2,person,62
